{"cameraMode":{"drawMode":0,"name":"Shaded","section":"Shading Mode"},"sceneLighting":true,"audioPlay":false,"sceneViewState":{"showFog":true,"showMaterialUpdate":true,"showSkybox":true,"showFlares":true,"showImageEffects":true,"showParticleSystems":true},"in2DMode":false,"pivot":{"x":-0.48690876364707949,"y":0.3044039309024811,"z":0.6002058386802673},"rotation":{"x":0.04026147350668907,"y":0.9597195982933044,"z":-0.19285725057125092,"w":0.2003471851348877},"size":0.31891971826553347,"orthographic":false}